-- =============================================================================
-- PT CHIEF LEVEL INDONESIA - KPI Monitor: FULL DATA DUMP
-- Generated: 2026-06-30T11:40:52.705Z
-- Run setup_all.sql FIRST to create tables, then run this file to seed data.
-- =============================================================================

-- departments (6 rows)
INSERT INTO departments (id, name, description, created_at, updated_at) VALUES
  ('a1b2c3d4-0000-0000-0000-000000000002', 'Sales & Marketing', 'Revenue generation and brand management', '2026-06-14T04:47:19.348964+00:00', '2026-06-14T04:47:19.348964+00:00'),
  ('cc78507c-78c6-4eca-bbf5-c47b171ae644', 'Branding dan Publikasi ', 'Program Pemberdayaan Masyarakat', '2026-06-14T08:05:32.295756+00:00', '2026-06-14T08:05:32.295756+00:00'),
  ('e58c99b8-0903-4294-9f33-4c6cb4afbeea', 'Project IT', 'Program Pemberdayaan Masyarakat', '2026-06-14T07:49:21.011292+00:00', '2026-06-14T14:56:34.399112+00:00'),
  ('9cdf1775-7a93-4336-98c9-faa6815deee1', 'Digital Marketing', 'Program Pemberdayaan Masyarakat ', '2026-06-14T07:57:08.972705+00:00', '2026-06-14T19:42:27.474768+00:00'),
  ('5383e3a8-1414-4ded-817b-f64f756cd19f', 'Finance', 'Program Pemberdayaan Masyarakat', '2026-06-14T08:04:14.181419+00:00', '2026-06-14T19:42:46.211009+00:00'),
  ('ae6c114c-8244-4041-9874-2afeb97203c8', 'Manajemen Clevel', 'Program Pemberdayaan Masyarakat', '2026-06-14T19:53:22.594232+00:00', '2026-06-14T19:53:36.003137+00:00')
ON CONFLICT DO NOTHING;

-- NOTE: profiles depend on auth.users. Insert users via Supabase Auth first,
-- then profiles will be auto-created by trigger. Below is for reference only.
-- 8 profiles in database.

-- kpis (28 rows)
INSERT INTO kpis (id, name, description, department_id, type, timeframe, target_value, weight, unit, start_date, due_date, assigned_to, is_active, created_by, created_at, updated_at) VALUES
  ('2f45c96d-db54-4622-ac9c-b02b4b4d6fa0', 'Monthly Revenue', 'Total revenue generated', 'a1b2c3d4-0000-0000-0000-000000000002', 'currency', 'monthly', 3000000000, 30, 'IDR', NULL, NULL, NULL, true, NULL, '2026-06-14T04:59:55.632697+00:00', '2026-06-14T04:59:55.632697+00:00'),
  ('4ae7647d-61bd-438b-924e-f2c4a32f9cff', 'Lead Conversion Rate', 'Percentage of leads converted to customers', 'a1b2c3d4-0000-0000-0000-000000000002', 'percentage', 'monthly', 30, 25, '%', NULL, NULL, NULL, true, NULL, '2026-06-14T04:59:55.632697+00:00', '2026-06-14T04:59:55.632697+00:00'),
  ('286257d3-5dc0-4818-879d-7c866b12d4ff', 'Branding dan Publikasi', 'Produksi konten berisi 2 feed dan 1 reels (setiap umkm) ', 'cc78507c-78c6-4eca-bbf5-c47b171ae644', 'numerical', 'monthly', 300, 50, 'views', '2026-08-01', '2026-08-31', '843797ab-5d72-4672-a9fe-8df0344d6c22', true, '6bef5500-afc5-4ed2-b1f6-2838c3b2f704', '2026-06-14T20:23:26.430109+00:00', '2026-06-14T20:23:26.430109+00:00'),
  ('193392d8-e0d3-4883-b8f1-cc1a6cf3106f', 'Connecting Pasar', 'umkm melakukan penjualan secara online', '9cdf1775-7a93-4336-98c9-faa6815deee1', 'numerical', 'monthly', 10, 50, 'umkm', '2026-09-01', '2026-09-30', 'fc21d801-9fae-40cb-9706-6510bed4d557', true, '6bef5500-afc5-4ed2-b1f6-2838c3b2f704', '2026-06-14T20:24:46.63884+00:00', '2026-06-14T20:24:46.63884+00:00'),
  ('6360f624-dac1-430e-a0d7-afd2513a225a', 'Branding dan Publikasi', 'Produksi konten berisi 2 feed dan 1 reels (setiap umkm)', 'cc78507c-78c6-4eca-bbf5-c47b171ae644', 'numerical', 'monthly', 300, 50, 'views', '2026-09-01', '2026-09-30', '843797ab-5d72-4672-a9fe-8df0344d6c22', true, '6bef5500-afc5-4ed2-b1f6-2838c3b2f704', '2026-06-14T20:25:44.133655+00:00', '2026-06-14T20:25:44.133655+00:00'),
  ('044e572b-5781-42e1-8b97-8ae3221bfe7b', 'Peningkatan penjualan UMKM', 'umkm mendapatkan peningkatan penjualan', '9cdf1775-7a93-4336-98c9-faa6815deee1', 'numerical', 'monthly', 10, 50, 'umkm', '2026-10-01', '2026-10-31', 'fc21d801-9fae-40cb-9706-6510bed4d557', true, '6bef5500-afc5-4ed2-b1f6-2838c3b2f704', '2026-06-14T20:26:50.998215+00:00', '2026-06-14T20:26:50.998215+00:00'),
  ('3421615a-c99d-4961-ad9b-316cfff9581b', 'Branding dan Publikasi', 'Produksi konten berisi 2 feed dan 1 reels (setiap umkm)', 'cc78507c-78c6-4eca-bbf5-c47b171ae644', 'numerical', 'monthly', 300, 50, 'views', '2026-10-01', '2026-10-31', '843797ab-5d72-4672-a9fe-8df0344d6c22', true, '6bef5500-afc5-4ed2-b1f6-2838c3b2f704', '2026-06-14T20:27:33.81735+00:00', '2026-06-14T20:27:33.81735+00:00'),
  ('a882363f-f4c1-4a52-8667-db259cda2994', 'Branding dan Publikasi', 'Produksi konten berisi 2 feed dan 1 reels (setiap umkm)', 'cc78507c-78c6-4eca-bbf5-c47b171ae644', 'numerical', 'monthly', 300, 100, 'views', '2026-11-01', '2026-11-30', '843797ab-5d72-4672-a9fe-8df0344d6c22', true, '6bef5500-afc5-4ed2-b1f6-2838c3b2f704', '2026-06-14T20:31:36.907708+00:00', '2026-06-14T20:31:36.907708+00:00'),
  ('669aed1f-c91d-4dc3-b4a9-b6eaaccece44', 'Inisiasi Kerjasama dengan Dinas Kesehatan Kutai timur sebagai pelaksana PKP', 'Persiapan Pelatihan Keamaan Pangan', '9cdf1775-7a93-4336-98c9-faa6815deee1', 'numerical', 'monthly', 1, 50, 'UMKM ', '2026-04-01', '2026-04-30', '843797ab-5d72-4672-a9fe-8df0344d6c22', false, '6bef5500-afc5-4ed2-b1f6-2838c3b2f704', '2026-06-14T19:47:37.670318+00:00', '2026-06-14T19:51:49.481001+00:00'),
  ('1ac09a48-1f48-46ba-a8a9-d2a1edaf0409', 'Persiapan PKP', 'Inisiasi Kerjasama dengan Dinas Kesehatan Kutai timur sebagai pelaksana PKP', 'ae6c114c-8244-4041-9874-2afeb97203c8', 'numerical', 'monthly', 1, 50, 'Kerjasama', '2026-04-01', '2026-04-30', '843797ab-5d72-4672-a9fe-8df0344d6c22', true, '6bef5500-afc5-4ed2-b1f6-2838c3b2f704', '2026-06-14T19:55:15.7232+00:00', '2026-06-14T19:55:15.7232+00:00'),
  ('a42e7472-9122-4a62-9f1c-ceb183b13399', 'Persiapan PKP', 'UMKM Melakukan registrasi PKP', '9cdf1775-7a93-4336-98c9-faa6815deee1', 'numerical', 'monthly', 20, 30, 'UMKM', '2026-04-01', '2026-04-30', '797aeaf7-5391-48e6-967b-0bf48648f07e', true, '6bef5500-afc5-4ed2-b1f6-2838c3b2f704', '2026-06-14T19:56:33.151317+00:00', '2026-06-14T19:56:33.151317+00:00'),
  ('2f43a11d-e87e-4510-ab5c-21a49a87ace1', 'Branding dan Publikasi', 'Produksi konten berisi 2 feed dan 1 reels (setiap umkm)', 'cc78507c-78c6-4eca-bbf5-c47b171ae644', 'numerical', 'monthly', 300, 100, 'views', '2026-12-01', '2026-12-31', '843797ab-5d72-4672-a9fe-8df0344d6c22', true, '6bef5500-afc5-4ed2-b1f6-2838c3b2f704', '2026-06-14T20:32:41.305075+00:00', '2026-06-14T20:32:41.305075+00:00'),
  ('1eaab618-6efb-4d7c-bd32-719adc702fbd', 'Persiapan PKP', 'Membuat Desain Logo, Poster dan Spanduk ', 'cc78507c-78c6-4eca-bbf5-c47b171ae644', 'numerical', 'monthly', 3, 20, 'aset digital', '2026-04-01', '2026-04-30', '843797ab-5d72-4672-a9fe-8df0344d6c22', true, '6bef5500-afc5-4ed2-b1f6-2838c3b2f704', '2026-06-14T19:58:24.554239+00:00', '2026-06-14T20:01:03.908959+00:00'),
  ('3f8f260c-1841-4c68-abdc-d3104a18265e', 'Pelaksaan PKP', 'UMKM mendapatkan sertifikat PKP', '9cdf1775-7a93-4336-98c9-faa6815deee1', 'numerical', 'monthly', 18, 30, 'UMKM', '2026-05-01', '2026-05-31', 'fc21d801-9fae-40cb-9706-6510bed4d557', true, '6bef5500-afc5-4ed2-b1f6-2838c3b2f704', '2026-06-14T20:05:02.810362+00:00', '2026-06-14T20:05:02.810362+00:00'),
  ('b72bab77-6713-4ed8-9b41-f7c9d9125aa6', 'Pelaksanaan PKP', 'UMKM mengikuti pelatihan PKP', '9cdf1775-7a93-4336-98c9-faa6815deee1', 'numerical', 'monthly', 20, 20, 'UMKM', '2026-05-01', '2026-05-31', 'fc21d801-9fae-40cb-9706-6510bed4d557', true, '6bef5500-afc5-4ed2-b1f6-2838c3b2f704', '2026-06-14T20:03:35.359955+00:00', '2026-06-14T20:05:15.144462+00:00'),
  ('4a6edd54-6988-479c-a77a-58ee694f895c', 'Pelaksanaan PKP', 'Post, Reels, Media', 'cc78507c-78c6-4eca-bbf5-c47b171ae644', 'numerical', 'monthly', 3, 50, 'Digital Content', '2026-05-01', '2026-05-31', '843797ab-5d72-4672-a9fe-8df0344d6c22', true, '6bef5500-afc5-4ed2-b1f6-2838c3b2f704', '2026-06-14T20:07:19.003955+00:00', '2026-06-14T20:07:19.003955+00:00'),
  ('51d9c4e1-d862-4baa-a927-bfdff053b418', 'Aktivasi Toko Online UMKM', NULL, 'cc78507c-78c6-4eca-bbf5-c47b171ae644', 'numerical', 'monthly', 10, 25, 'Akun', '2026-06-01', '2026-06-30', '843797ab-5d72-4672-a9fe-8df0344d6c22', true, '6bef5500-afc5-4ed2-b1f6-2838c3b2f704', '2026-06-14T20:11:41.938931+00:00', '2026-06-14T20:11:41.938931+00:00'),
  ('d31785b4-4646-4675-8dee-72917f9641fc', 'Aktivasi akun media sosial umkm', NULL, 'cc78507c-78c6-4eca-bbf5-c47b171ae644', 'numerical', 'monthly', 10, 25, 'akun', '2026-06-01', '2026-06-30', '843797ab-5d72-4672-a9fe-8df0344d6c22', true, '6bef5500-afc5-4ed2-b1f6-2838c3b2f704', '2026-06-14T20:12:33.549839+00:00', '2026-06-14T20:12:33.549839+00:00'),
  ('a21fcb6d-15e0-457b-a82d-bb84aa568a93', 'Pendampingan visitasi proses pirt umkm ', NULL, '9cdf1775-7a93-4336-98c9-faa6815deee1', 'numerical', 'monthly', 5, 50, 'umkm', '2026-06-01', '2026-06-30', 'fc21d801-9fae-40cb-9706-6510bed4d557', true, '6bef5500-afc5-4ed2-b1f6-2838c3b2f704', '2026-06-14T20:13:57.932449+00:00', '2026-06-14T20:14:05.538815+00:00'),
  ('e11e438c-2481-4b06-a7e0-f2d45e653916', 'Evaluasi dan Visitasi UMKM', 'Pengumpulan data dan informasi nilai penjualan UMKM ', '9cdf1775-7a93-4336-98c9-faa6815deee1', 'numerical', 'monthly', 20, 50, 'umkm', '2027-01-01', '2027-01-31', NULL, true, '6bef5500-afc5-4ed2-b1f6-2838c3b2f704', '2026-06-14T20:33:43.466921+00:00', '2026-06-14T20:33:43.466921+00:00'),
  ('98fc0776-9bb2-44bb-8b14-94253232fffa', 'Pendampingan visitasi proses pirt umkm (bagian 2)', NULL, '9cdf1775-7a93-4336-98c9-faa6815deee1', 'numerical', 'monthly', 5, 50, 'umkm', '2026-07-01', '2026-07-31', 'fc21d801-9fae-40cb-9706-6510bed4d557', true, '6bef5500-afc5-4ed2-b1f6-2838c3b2f704', '2026-06-14T20:16:35.935262+00:00', '2026-06-14T20:17:44.641032+00:00'),
  ('c6d25fe9-d9b1-49bc-8477-64ff814712f6', 'Peningkatan Kapasitas Produksi UMKM', NULL, '9cdf1775-7a93-4336-98c9-faa6815deee1', 'numerical', 'monthly', 5, 20, 'umkm', '2026-07-01', '2026-07-31', 'fc21d801-9fae-40cb-9706-6510bed4d557', true, '6bef5500-afc5-4ed2-b1f6-2838c3b2f704', '2026-06-14T20:15:24.292032+00:00', '2026-06-14T20:17:53.602151+00:00'),
  ('198cb76b-6ee3-49e7-82b6-fbcfd42b5405', 'Produksi konten berisi 2 feed dan 1 reels (setiap umkm)', '2 feed dan 1 reels', 'cc78507c-78c6-4eca-bbf5-c47b171ae644', 'numerical', 'monthly', 3, 30, 'Digital Content', '2026-07-01', '2026-07-31', '843797ab-5d72-4672-a9fe-8df0344d6c22', true, '6bef5500-afc5-4ed2-b1f6-2838c3b2f704', '2026-06-14T20:19:05.371831+00:00', '2026-06-14T20:19:05.371831+00:00'),
  ('c872532a-3bca-4075-8dad-9c0b4c521eff', 'Strategi Pemasaran UMKM', 'UMKM memiliki strategi pemasaran', '9cdf1775-7a93-4336-98c9-faa6815deee1', 'numerical', 'monthly', 20, 50, 'umkm', '2026-08-01', '2026-08-31', 'fc21d801-9fae-40cb-9706-6510bed4d557', true, '6bef5500-afc5-4ed2-b1f6-2838c3b2f704', '2026-06-14T20:21:46.842276+00:00', '2026-06-14T20:21:46.842276+00:00'),
  ('879cd5cb-6f0e-4e3f-9e6c-bb791347a87b', 'Evaluasi Penjualan', 'Capai target penjualan', '9cdf1775-7a93-4336-98c9-faa6815deee1', 'numerical', 'monthly', 10, 50, 'umkm', '2027-01-01', '2027-01-31', 'fc21d801-9fae-40cb-9706-6510bed4d557', true, '6bef5500-afc5-4ed2-b1f6-2838c3b2f704', '2026-06-14T20:34:40.352422+00:00', '2026-06-14T20:34:40.352422+00:00'),
  ('828b79bc-5621-4bd4-b09e-7ebef2b74137', 'Evaluasi Akhir', 'UMKM mencapai peningkatan penjualan dan produksi', 'ae6c114c-8244-4041-9874-2afeb97203c8', 'numerical', 'monthly', 14, 50, 'umkm', '2027-02-01', '2027-02-28', NULL, true, '6bef5500-afc5-4ed2-b1f6-2838c3b2f704', '2026-06-14T20:36:46.576187+00:00', '2026-06-14T20:36:46.576187+00:00'),
  ('7209d618-cc85-445b-a1cf-2f95585b9515', 'Evaluasi Akhir', 'UMKM memberikan nilai kepuasaan terhadap pendampingan dari clevel', 'ae6c114c-8244-4041-9874-2afeb97203c8', 'numerical', 'monthly', 18, 50, 'umkm', '2027-02-01', '2027-02-28', NULL, true, '6bef5500-afc5-4ed2-b1f6-2838c3b2f704', '2026-06-14T20:37:46.942637+00:00', '2026-06-14T20:37:46.942637+00:00'),
  ('d0fb912a-3291-469b-b1f8-fbe0b164b50c', 'Assesmen Kebutuhan UMKM', 'Mengidentifikasi kondisi dapur produksi UMKM dan kebutuhan dukungan untuk memenuhi standar higiene sanitasi dan persiapan pengurusan PIRT', '9cdf1775-7a93-4336-98c9-faa6815deee1', 'numerical', 'monthly', 10, 20, 'Dapur Produksi', '2026-06-27', '2026-07-04', 'fc21d801-9fae-40cb-9706-6510bed4d557', true, '6bef5500-afc5-4ed2-b1f6-2838c3b2f704', '2026-06-26T01:23:38.169126+00:00', '2026-06-26T01:23:38.169126+00:00')
ON CONFLICT DO NOTHING;

-- kpi_entries (8 rows)
INSERT INTO kpi_entries (id, kpi_id, sub_kpi_id, submitted_by, period_start, period_end, actual_value, notes, status, reviewed_by, reviewed_at, review_notes, score, created_at, updated_at) VALUES
  ('c2ec2f48-3f76-4e0b-af74-5ee87317bdd3', '1eaab618-6efb-4d7c-bd32-719adc702fbd', NULL, '6bef5500-afc5-4ed2-b1f6-2838c3b2f704', '2026-04-01', '2026-04-30', 3, 'https://drive.google.com/drive/folders/1zMM_ARNn1QFd4xzG0N8mCreFcN2h7nJX?usp=sharing', 'approved', '6bef5500-afc5-4ed2-b1f6-2838c3b2f704', '2026-06-14T21:11:31.396+00:00', NULL, 100, '2026-06-14T21:10:47.323168+00:00', '2026-06-14T21:11:31.628215+00:00'),
  ('7e28fb49-d016-4cc7-a740-8f2f31508a57', 'a42e7472-9122-4a62-9f1c-ceb183b13399', NULL, '6bef5500-afc5-4ed2-b1f6-2838c3b2f704', '2026-04-01', '2026-06-30', 13, 'umkm melakukan register ', 'approved', '6bef5500-afc5-4ed2-b1f6-2838c3b2f704', '2026-06-14T21:11:45.429+00:00', NULL, 65, '2026-06-14T21:05:35.727161+00:00', '2026-06-14T21:11:45.631484+00:00'),
  ('b56d47b2-5319-4fad-ae5c-841288ed91fa', '1ac09a48-1f48-46ba-a8a9-d2a1edaf0409', NULL, '6bef5500-afc5-4ed2-b1f6-2838c3b2f704', '2026-04-01', '2026-04-30', 1, 'Pengusulan kerjasama dengan dinas kesehatan kutai timur sebagai pelaksana pelatihan keamaan pangan', 'approved', '6bef5500-afc5-4ed2-b1f6-2838c3b2f704', '2026-06-14T21:11:52.262+00:00', NULL, 100, '2026-06-14T21:03:31.464231+00:00', '2026-06-14T21:11:52.506137+00:00'),
  ('8b96cc0a-4d4c-4129-9171-c29e2e78c583', 'b72bab77-6713-4ed8-9b41-f7c9d9125aa6', NULL, '6bef5500-afc5-4ed2-b1f6-2838c3b2f704', '2026-05-01', '2026-06-30', 12, 'https://drive.google.com/drive/folders/1zMM_ARNn1QFd4xzG0N8mCreFcN2h7nJX?usp=drive_link', 'approved', '6bef5500-afc5-4ed2-b1f6-2838c3b2f704', '2026-06-14T23:15:30.211+00:00', 'umkm yang memiliki pirt sementara ada yang berhalangan hadir dihari H', 60, '2026-06-14T23:14:39.915623+00:00', '2026-06-14T23:15:30.714808+00:00'),
  ('a67c202d-37ea-4df5-91f4-508749bc5899', '3f8f260c-1841-4c68-abdc-d3104a18265e', NULL, '6bef5500-afc5-4ed2-b1f6-2838c3b2f704', '2026-05-01', '2026-06-30', 13, NULL, 'approved', '6bef5500-afc5-4ed2-b1f6-2838c3b2f704', '2026-06-14T23:16:30.426+00:00', 'UMKM harus memiliki nilai diatas 60 baru bisa dinyatakan lulus sertifikasi PKP', 75, '2026-06-14T23:13:58.084257+00:00', '2026-06-14T23:16:31.341544+00:00'),
  ('3b490c7c-4599-43eb-b780-6ce9517cfff4', '4a6edd54-6988-479c-a77a-58ee694f895c', NULL, '6bef5500-afc5-4ed2-b1f6-2838c3b2f704', '2026-05-01', '2026-05-31', 3, 'https://drive.google.com/drive/folders/1zMM_ARNn1QFd4xzG0N8mCreFcN2h7nJX?usp=drive_link', 'approved', '6bef5500-afc5-4ed2-b1f6-2838c3b2f704', '2026-06-15T00:47:45.913+00:00', NULL, 100, '2026-06-14T23:13:19.045288+00:00', '2026-06-15T00:47:46.410581+00:00'),
  ('c81371b7-d6a2-4eca-81a4-b972d9e50d67', '193392d8-e0d3-4883-b8f1-cc1a6cf3106f', NULL, '6bef5500-afc5-4ed2-b1f6-2838c3b2f704', '2026-06-18', '2026-06-21', 8, '2 umkm sudah berhenti beroperasi ', 'approved', '6bef5500-afc5-4ed2-b1f6-2838c3b2f704', '2026-06-18T03:15:06.734+00:00', '2 umkm lagi silahkan untuk di tambahkan dari cluster lain ', 80, '2026-06-18T03:13:34.052685+00:00', '2026-06-18T03:15:07.447022+00:00'),
  ('8451db67-6422-4972-93c8-6454da8246f4', 'd31785b4-4646-4675-8dee-72917f9641fc', NULL, '9326b58d-03f0-4268-bd62-03eb8a36e147', '2026-06-15', '2026-06-30', 10, NULL, 'pending', NULL, NULL, NULL, NULL, '2026-06-30T01:18:05.58656+00:00', '2026-06-30T01:18:05.58656+00:00')
ON CONFLICT DO NOTHING;

